﻿<?xml version="1.0" encoding="utf-8"?>
<key id="4658de76-2f46-4fd8-8e1c-62b72ab48acb" version="1">
  <creationDate>2019-06-19T12:24:13.9711614Z</creationDate>
  <activationDate>2019-06-19T12:24:13.9670712Z</activationDate>
  <expirationDate>2019-09-17T12:24:13.9670712Z</expirationDate>
  <descriptor deserializerType="Microsoft.AspNetCore.DataProtection.AuthenticatedEncryption.ConfigurationModel.AuthenticatedEncryptorDescriptorDeserializer, Microsoft.AspNetCore.DataProtection, Version=2.2.0.0, Culture=neutral, PublicKeyToken=adb9793829ddae60">
    <descriptor>
      <encryption algorithm="AES_256_CBC" />
      <validation algorithm="HMACSHA256" />
      <masterKey p4:requiresEncryption="true" xmlns:p4="http://schemas.asp.net/2015/03/dataProtection">
        <!-- Warning: the key below is in an unencrypted form. -->
        <value>70xwxbXD9jykTx86xZHplVPaH2sk1A5oIMCTIl9NAJ5To7qjliNJa2YTigtsIXjxjsoGDruakRM16Xv0zxjW4g==</value>
      </masterKey>
    </descriptor>
  </descriptor>
</key>