﻿<?xml version="1.0" encoding="utf-8"?>
<key id="e476ca70-bfb8-479a-b024-9403de24df9d" version="1">
  <creationDate>2019-05-25T05:00:35.2647585Z</creationDate>
  <activationDate>2019-05-25T05:00:35.262703Z</activationDate>
  <expirationDate>2019-08-23T05:00:35.262703Z</expirationDate>
  <descriptor deserializerType="Microsoft.AspNetCore.DataProtection.AuthenticatedEncryption.ConfigurationModel.AuthenticatedEncryptorDescriptorDeserializer, Microsoft.AspNetCore.DataProtection, Version=2.2.0.0, Culture=neutral, PublicKeyToken=adb9793829ddae60">
    <descriptor>
      <encryption algorithm="AES_256_CBC" />
      <validation algorithm="HMACSHA256" />
      <masterKey p4:requiresEncryption="true" xmlns:p4="http://schemas.asp.net/2015/03/dataProtection">
        <!-- Warning: the key below is in an unencrypted form. -->
        <value>+lzpPLBv6DwDtQUoQCUPrURC0RJzx4Ea1pnAES81Q3n9oxsiXWMxAuLbOr8j7xnbsCQH1NQnkOtPicD3h36LhQ==</value>
      </masterKey>
    </descriptor>
  </descriptor>
</key>